{
  "Delete Book" : {
    "transaction" : "Delete Book",
    "sampleCount" : 36,
    "errorCount" : 0,
    "errorPct" : 0.0,
    "meanResTime" : 157.97222222222226,
    "medianResTime" : 157.0,
    "minResTime" : 153.0,
    "maxResTime" : 174.0,
    "pct1ResTime" : 163.0,
    "pct2ResTime" : 171.45,
    "pct3ResTime" : 174.0,
    "throughput" : 4.241781548250265,
    "receivedKBytesPerSec" : 0.8740389713679746,
    "sentKBytesPerSec" : 1.0362815924354896
  },
  "Get Books" : {
    "transaction" : "Get Books",
    "sampleCount" : 38,
    "errorCount" : 0,
    "errorPct" : 0.0,
    "meanResTime" : 297.421052631579,
    "medianResTime" : 225.0,
    "minResTime" : 211.0,
    "maxResTime" : 1111.0,
    "pct1ResTime" : 413.10000000000105,
    "pct2ResTime" : 1066.35,
    "pct3ResTime" : 1111.0,
    "throughput" : 3.806852334201563,
    "receivedKBytesPerSec" : 362.52040782784013,
    "sentKBytesPerSec" : 0.5725149018232819
  },
  "Total" : {
    "transaction" : "Total",
    "sampleCount" : 148,
    "errorCount" : 0,
    "errorPct" : 0.0,
    "meanResTime" : 196.11486486486478,
    "medianResTime" : 162.0,
    "minResTime" : 150.0,
    "maxResTime" : 1111.0,
    "pct1ResTime" : 230.0,
    "pct2ResTime" : 236.64999999999995,
    "pct3ResTime" : 1087.9699999999996,
    "throughput" : 14.60574360998717,
    "receivedKBytesPerSec" : 361.3812273327248,
    "sentKBytesPerSec" : 2.858948639346689
  },
  "Get Book" : {
    "transaction" : "Get Book",
    "sampleCount" : 36,
    "errorCount" : 0,
    "errorPct" : 0.0,
    "meanResTime" : 166.55555555555551,
    "medianResTime" : 164.0,
    "minResTime" : 157.0,
    "maxResTime" : 229.0,
    "pct1ResTime" : 174.50000000000003,
    "pct2ResTime" : 197.54999999999995,
    "pct3ResTime" : 229.0,
    "throughput" : 4.205116224740101,
    "receivedKBytesPerSec" : 3.0436445070669316,
    "sentKBytesPerSec" : 0.657391623350076
  },
  "Post Book" : {
    "transaction" : "Post Book",
    "sampleCount" : 38,
    "errorCount" : 0,
    "errorPct" : 0.0,
    "meanResTime" : 158.94736842105263,
    "medianResTime" : 156.5,
    "minResTime" : 150.0,
    "maxResTime" : 203.0,
    "pct1ResTime" : 165.2,
    "pct2ResTime" : 189.69999999999996,
    "pct3ResTime" : 203.0,
    "throughput" : 4.212860310421286,
    "receivedKBytesPerSec" : 1.0778998059866962,
    "sentKBytesPerSec" : 0.9791608924611974
  }
}