{
  "Get Books" : {
    "transaction" : "Get Books",
    "sampleCount" : 5,
    "errorCount" : 0,
    "errorPct" : 0.0,
    "meanResTime" : 12548.2,
    "medianResTime" : 12342.0,
    "minResTime" : 11698.0,
    "maxResTime" : 14130.0,
    "pct1ResTime" : 14130.0,
    "pct2ResTime" : 14130.0,
    "pct3ResTime" : 14130.0,
    "throughput" : 0.35385704175513094,
    "receivedKBytesPerSec" : 135.54355759023355,
    "sentKBytesPerSec" : 0.053216781670205236
  },
  "Total" : {
    "transaction" : "Total",
    "sampleCount" : 5,
    "errorCount" : 0,
    "errorPct" : 0.0,
    "meanResTime" : 12548.2,
    "medianResTime" : 12342.0,
    "minResTime" : 11698.0,
    "maxResTime" : 14130.0,
    "pct1ResTime" : 14130.0,
    "pct2ResTime" : 14130.0,
    "pct3ResTime" : 14130.0,
    "throughput" : 0.35385704175513094,
    "receivedKBytesPerSec" : 135.54355759023355,
    "sentKBytesPerSec" : 0.053216781670205236
  }
}